brand_id,brand_name,extract_time,source
1,Electra,1714324924.315695,datalake 
2,Haro,1714324924.315695,datalake 
3,Heller,1714324924.315695,datalake 
4,Pure Cycles,1714324924.315695,datalake 
5,Ritchey,1714324924.315695,datalake 
6,Strider,1714324924.315695,datalake 
7,Sun Bicycles,1714324924.315695,datalake 
8,Surly,1714324924.315695,datalake 
9,Trek,1714324924.315695,datalake 
